-- --------------------------------------------------------
-- Host:                         127.0.0.1
-- Versione server:              8.0.32 - MySQL Community Server - GPL
-- S.O. server:                  Win64
-- HeidiSQL Versione:            12.5.0.6677
-- --------------------------------------------------------

/*!40101 SET @OLD_CHARACTER_SET_CLIENT=@@CHARACTER_SET_CLIENT */;
/*!40101 SET NAMES utf8 */;
/*!50503 SET NAMES utf8mb4 */;
/*!40103 SET @OLD_TIME_ZONE=@@TIME_ZONE */;
/*!40103 SET TIME_ZONE='+00:00' */;
/*!40014 SET @OLD_FOREIGN_KEY_CHECKS=@@FOREIGN_KEY_CHECKS, FOREIGN_KEY_CHECKS=0 */;
/*!40101 SET @OLD_SQL_MODE=@@SQL_MODE, SQL_MODE='NO_AUTO_VALUE_ON_ZERO' */;
/*!40111 SET @OLD_SQL_NOTES=@@SQL_NOTES, SQL_NOTES=0 */;


-- Dump della struttura del database beer
CREATE DATABASE IF NOT EXISTS `beer` /*!40100 DEFAULT CHARACTER SET utf8mb4 COLLATE utf8mb4_0900_ai_ci */ /*!80016 DEFAULT ENCRYPTION='N' */;
USE `beer`;

-- Dump della struttura di tabella beer.birra
CREATE TABLE IF NOT EXISTS `birra` (
  `id` int NOT NULL,
  `nome` varchar(20) NOT NULL,
  `prezzo_litro` decimal(5,2) NOT NULL,
  `disp` enum('DISP','NON_DISP') NOT NULL,
  `gradi` decimal(4,2) DEFAULT NULL,
  `tipo` varchar(15) DEFAULT NULL,
  PRIMARY KEY (`id`)
) ENGINE=InnoDB DEFAULT CHARSET=utf8mb4 COLLATE=utf8mb4_0900_ai_ci;

-- Dump dei dati della tabella beer.birra: ~0 rows (circa)
REPLACE INTO `birra` (`id`, `nome`, `prezzo_litro`, `disp`, `gradi`, `tipo`) VALUES
	(111, 'Crux', 16.00, 'DISP', 5.00, 'Sour'),
	(112, 'Isaac', 15.00, 'DISP', 5.00, 'Blanche'),
	(116, 'Black Hole', 18.00, 'DISP', 10.50, 'Imperial Stout'),
	(120, 'Lone Wolf', 13.00, 'DISP', 6.66, 'IPA'),
	(121, 'Pop', 13.00, 'DISP', 6.00, 'APA'),
	(124, 'Guinness', 12.00, 'DISP', 4.20, 'Stout'),
	(125, 'Guerrilla', 15.00, 'DISP', 5.80, 'IPA'),
	(126, 'Kilkenny RED', 14.00, 'DISP', 4.30, 'Red Ale'),
	(127, 'Heineken', 9.00, 'NON_DISP', 3.40, 'Lager'),
	(128, 'Peroni', 10.00, 'DISP', 4.70, 'Lager'),
	(234, 'Grim Reaper', 12.00, 'NON_DISP', 7.00, 'IPA'),
	(312, 'Poretti IPA', 12.00, 'DISP', 5.90, 'IPA');

-- Dump della struttura di tabella beer.consumazione
CREATE TABLE IF NOT EXISTS `consumazione` (
  `id` int NOT NULL AUTO_INCREMENT,
  `user_id` varchar(8) NOT NULL,
  `beer_id` int NOT NULL,
  `quantita` int NOT NULL,
  `importo` decimal(6,2) DEFAULT NULL,
  `data_consumazione` datetime DEFAULT NULL,
  PRIMARY KEY (`id`),
  KEY `user_id` (`user_id`),
  KEY `beer_id` (`beer_id`),
  CONSTRAINT `consumazione_ibfk_1` FOREIGN KEY (`user_id`) REFERENCES `utente` (`id`),
  CONSTRAINT `consumazione_ibfk_2` FOREIGN KEY (`beer_id`) REFERENCES `birra` (`id`)
) ENGINE=InnoDB AUTO_INCREMENT=9994421 DEFAULT CHARSET=utf8mb4 COLLATE=utf8mb4_0900_ai_ci;

-- Dump dei dati della tabella beer.consumazione: ~0 rows (circa)
REPLACE INTO `consumazione` (`id`, `user_id`, `beer_id`, `quantita`, `importo`, `data_consumazione`) VALUES
	(9999, '00aaa000', 125, 1000, 15.00, '2023-08-08 16:47:51'),
	(54302, '0khrh2yt', 312, 500, 6.00, '2016-12-02 10:02:38'),
	(82422, 'hu5sesfy', 111, 500, 8.00, '2023-04-27 11:34:46'),
	(130407, 'eqwmm3s6', 120, 125, 1.63, '2018-10-30 17:31:53'),
	(155842, 'jp596h56', 120, 1000, 13.00, '2023-07-17 16:09:40'),
	(301649, 'pv543s8h', 128, 500, 5.00, '2021-06-06 05:56:49'),
	(327154, 'vtufj691', 120, 1000, 13.00, '2018-11-04 23:06:51'),
	(363288, '15msfysg', 120, 1000, 13.00, '2018-11-10 08:54:17'),
	(371552, '29lmqylf', 111, 500, 8.00, '2022-02-10 21:09:32'),
	(537245, 'vkqm2ucy', 312, 125, 1.50, '2022-07-22 01:31:30'),
	(539131, 'v1idhafw', 125, 500, 7.50, '2020-10-26 07:51:24'),
	(581342, 'j9ar8xo6', 128, 750, 7.50, '2019-06-14 07:32:21'),
	(589569, 'r290wvgx', 121, 750, 9.75, '2019-09-15 06:48:08'),
	(634878, 'c24kk0xg', 126, 500, 7.00, '2019-10-21 20:13:15'),
	(650369, 'eqwmm3s6', 126, 1000, 14.00, '2021-08-25 06:08:01'),
	(691812, 'v4m6vxyb', 128, 500, 5.00, '2017-08-12 10:28:39'),
	(692832, '2hq29bqh', 125, 500, 7.50, '2020-11-22 23:46:12'),
	(747256, 'x8uxayl7', 116, 1000, 18.00, '2021-02-16 17:38:57'),
	(881994, 'obpw1ysw', 312, 500, 6.00, '2023-08-08 10:15:05'),
	(892619, '8diekma4', 112, 125, 1.88, '2023-01-06 03:38:45'),
	(925848, 'cw66vqjk', 120, 1000, 13.00, '2022-12-05 01:19:58'),
	(1067944, 'oxoglcx6', 116, 125, 2.25, '2019-01-14 02:32:44'),
	(1116182, 'v4sj7toz', 128, 750, 7.50, '2022-07-30 16:51:24'),
	(1260884, 'rxdq7aih', 111, 750, 12.00, '2023-04-01 11:42:45'),
	(1282411, 'pxwjo155', 312, 125, 1.50, '2017-07-17 14:24:27'),
	(1309342, 'pv543s8h', 124, 500, 6.00, '2021-06-28 08:39:41'),
	(1318410, 'ddi2jaip', 120, 125, 1.63, '2021-10-06 23:36:54'),
	(1333152, 'patinrqa', 125, 1000, 15.00, '2017-04-29 00:59:50'),
	(1416530, 'szfpzl4g', 112, 125, 1.88, '2019-04-25 17:13:13'),
	(1455018, 'gi64t2a0', 126, 750, 10.50, '2023-07-14 08:40:43'),
	(1476059, 'oxoglcx6', 124, 125, 1.50, '2018-08-20 15:19:43'),
	(1484847, 'veh56roh', 128, 500, 5.00, '2019-02-25 21:30:51'),
	(1580637, 'v1idhafw', 121, 750, 9.75, '2022-03-18 19:54:16'),
	(1587919, 'v4sj7toz', 121, 125, 1.63, '2022-07-05 10:48:50'),
	(1607573, 'veh56roh', 112, 500, 7.50, '2018-09-13 14:18:24'),
	(1677704, 'v4m6vxyb', 121, 500, 6.50, '2020-05-12 07:39:10'),
	(1693634, 'j7iyu75r', 312, 1000, 12.00, '2022-11-01 06:50:39'),
	(1739648, '1nuz8684', 120, 125, 1.63, '2018-06-17 19:08:23'),
	(1817791, 'e6mq99x2', 128, 1000, 10.00, '2022-12-13 14:07:57'),
	(1841207, 'xz6udjzq', 111, 1000, 16.00, '2021-01-18 13:01:23'),
	(1859689, 'pv543s8h', 124, 1000, 12.00, '2021-02-07 18:33:14'),
	(1931057, 'v4sj7toz', 111, 125, 2.00, '2017-10-10 14:14:19'),
	(1938766, '0goy8k2o', 120, 125, 1.63, '2023-03-11 08:50:37'),
	(1946369, 'c1g0o9bh', 120, 1000, 13.00, '2022-11-26 19:39:05'),
	(1951026, 'oxoglcx6', 121, 125, 1.63, '2022-11-12 04:16:19'),
	(2040066, 'v4sj7toz', 125, 125, 1.88, '2022-01-02 12:24:53'),
	(2071567, '0goy8k2o', 116, 750, 13.50, '2023-07-24 02:16:53'),
	(2114517, 'cw66vqjk', 312, 125, 1.50, '2020-07-24 23:48:10'),
	(2123751, 'uctl2v9b', 312, 750, 9.00, '2017-01-13 20:42:11'),
	(2176591, 'mxcrurpz', 121, 125, 1.63, '2021-04-26 16:30:50'),
	(2210664, '15msfysg', 116, 500, 9.00, '2018-10-08 00:28:50'),
	(2285550, 'j7iyu75r', 126, 125, 1.75, '2018-05-08 13:37:44'),
	(2391401, 'rxdq7aih', 124, 500, 6.00, '2023-06-02 12:34:46'),
	(2414010, '2aupnrez', 312, 750, 9.00, '2017-09-04 00:46:47'),
	(2426376, '1nuz8684', 121, 500, 6.50, '2021-02-06 15:16:48'),
	(2446448, 'vtufj691', 125, 1000, 15.00, '2021-10-27 17:07:03'),
	(2466572, 'v0a99umc', 128, 1000, 10.00, '2020-05-31 17:49:34'),
	(2467552, 'kjs3getm', 111, 1000, 16.00, '2022-07-22 17:18:05'),
	(2601891, 'zx1f9v5e', 126, 750, 10.50, '2018-12-05 09:27:32'),
	(2634512, 'j7iyu75r', 124, 750, 9.00, '2022-02-10 19:40:28'),
	(2669793, '00aaa000', 111, 500, 8.00, '2013-12-17 07:21:18'),
	(2705500, 'hpu54c3u', 126, 500, 7.00, '2020-09-24 18:13:13'),
	(2705770, 'oxoglcx6', 312, 500, 6.00, '2020-08-22 17:43:59'),
	(2865262, 'vtufj691', 112, 125, 1.88, '2022-10-11 15:52:32'),
	(2946919, '0khrh2yt', 126, 125, 1.75, '2018-05-02 01:46:25'),
	(3061252, 'dvvww4b4', 124, 1000, 12.00, '2017-09-04 02:40:40'),
	(3088170, 'jj1es2kf', 128, 125, 1.25, '2023-01-24 07:23:11'),
	(3107167, 'pv543s8h', 126, 125, 1.75, '2020-03-01 05:47:47'),
	(3152860, 'p16wov2i', 120, 125, 1.63, '2023-04-27 14:57:55'),
	(3190594, 'npbzfuk7', 111, 1000, 16.00, '2021-03-06 11:43:58'),
	(3272748, 'xdu0t1hs', 128, 1000, 10.00, '2021-08-20 05:33:32'),
	(3389866, 'r290wvgx', 312, 125, 1.50, '2022-07-23 02:06:16'),
	(3420494, 't0u7bl8o', 126, 1000, 14.00, '2022-07-30 09:12:15'),
	(3445218, 'v6mdo8fa', 120, 1000, 13.00, '2020-12-09 05:26:33'),
	(3465103, 'rxdq7aih', 128, 1000, 10.00, '2023-03-31 17:25:45'),
	(3467308, 'vtufj691', 126, 1000, 14.00, '2019-01-27 16:51:02'),
	(3474459, 'e6mq99x2', 126, 1000, 14.00, '2023-01-15 01:18:55'),
	(3531351, 'c24kk0xg', 312, 125, 1.50, '2021-12-07 04:40:07'),
	(3536398, 'obpw1ysw', 128, 1000, 10.00, '2022-05-30 09:32:34'),
	(3602047, 'pv543s8h', 111, 750, 12.00, '2022-08-26 11:11:12'),
	(3604620, 'bz85yftg', 128, 125, 1.25, '2021-03-28 23:14:59'),
	(3687977, 'm6susavv', 125, 125, 1.88, '2022-12-24 05:03:59'),
	(3731913, 'npbzfuk7', 116, 500, 9.00, '2019-12-12 11:28:45'),
	(3775192, '6bt3dv9w', 121, 500, 6.50, '2022-12-29 05:47:55'),
	(3836474, 'dfa7ln9m', 126, 750, 10.50, '2021-09-17 16:46:38'),
	(3865391, 'v6mdo8fa', 124, 1000, 12.00, '2021-08-24 07:18:21'),
	(3896098, '4gv2dhu2', 120, 125, 1.63, '2022-09-09 09:57:12'),
	(4016813, '5q4p9gmv', 112, 750, 11.25, '2019-03-09 06:57:13'),
	(4026533, 'crgcbe7i', 111, 125, 2.00, '2022-10-16 07:51:44'),
	(4052766, 'hu5sesfy', 111, 1000, 16.00, '2022-06-14 10:05:57'),
	(4108603, '2aupnrez', 121, 750, 9.75, '2018-07-16 07:48:48'),
	(4156724, '29lmqylf', 126, 1000, 14.00, '2018-05-05 07:19:09'),
	(4202527, 'xz6udjzq', 312, 500, 6.00, '2021-12-24 23:42:37'),
	(4214468, 'x8uxayl7', 124, 125, 1.50, '2021-04-30 18:15:08'),
	(4279937, 'pok7yr00', 126, 750, 10.50, '2018-01-12 12:20:36'),
	(4345157, 'v1g43950', 126, 1000, 14.00, '2022-04-18 15:54:38'),
	(4366971, 'ddi2jaip', 111, 1000, 16.00, '2021-11-06 04:16:15'),
	(4446159, '622t7xql', 125, 750, 11.25, '2023-07-02 15:27:08'),
	(4450835, 'qsxsb3cu', 125, 125, 1.88, '2023-05-12 21:51:29'),
	(4484130, 'jr613bjm', 126, 1000, 14.00, '2019-10-10 23:47:48'),
	(4524579, 'v4m6vxyb', 125, 1000, 15.00, '2018-07-13 16:17:42'),
	(4526183, 'yllegsqk', 128, 1000, 10.00, '2018-09-27 14:13:27'),
	(4538616, 'zx1f9v5e', 312, 750, 9.00, '2017-07-31 08:29:54'),
	(4619959, 'pqtmiwoo', 312, 1000, 12.00, '2023-04-10 16:18:18'),
	(4773269, '1nuz8684', 111, 125, 2.00, '2020-06-01 14:59:27'),
	(4817399, 'xz6udjzq', 112, 500, 7.50, '2019-06-20 07:15:00'),
	(4848563, 'j7iyu75r', 124, 1000, 12.00, '2022-01-13 22:22:29'),
	(4870205, 'v0a99umc', 128, 125, 1.25, '2022-04-11 00:02:44'),
	(4987533, 'uctl2v9b', 121, 1000, 13.00, '2023-08-01 08:36:37'),
	(5064991, '6nuelvxi', 112, 750, 11.25, '2019-05-10 14:40:17'),
	(5223639, 'obpw1ysw', 126, 125, 1.75, '2023-03-24 13:48:14'),
	(5271368, 'yzab8u6e', 121, 500, 6.50, '2022-04-10 04:50:37'),
	(5426014, 'k771angm', 128, 750, 7.50, '2022-03-17 12:26:21'),
	(5454726, 'onb14sxe', 116, 500, 9.00, '2023-02-04 18:30:37'),
	(5465863, 'ibddeykv', 121, 125, 1.63, '2020-05-12 08:17:14'),
	(5494620, 'vrn93dnp', 121, 750, 9.75, '2023-01-20 20:51:02'),
	(5622725, 'mlzhq9y9', 120, 1000, 13.00, '2021-10-20 03:32:00'),
	(5646715, 'onb14sxe', 121, 750, 9.75, '2022-09-27 17:13:10'),
	(5647831, 'e6mq99x2', 312, 125, 1.50, '2023-02-28 15:16:05'),
	(5655005, 'x8uxayl7', 120, 125, 1.63, '2023-08-04 08:03:31'),
	(5677911, '278vhpm9', 116, 1000, 18.00, '2015-12-18 14:05:59'),
	(5754309, 'bds8sl3t', 312, 125, 1.50, '2022-06-12 03:01:05'),
	(5843167, '1nuz8684', 111, 750, 12.00, '2021-05-01 06:23:34'),
	(5853949, 'vv8mivlu', 312, 500, 6.00, '2020-05-13 18:03:14'),
	(5890758, '6nuelvxi', 121, 125, 1.63, '2022-07-08 20:41:47'),
	(5897550, 'zx1f9v5e', 111, 1000, 16.00, '2021-04-23 15:41:42'),
	(5930929, 'vrn93dnp', 312, 125, 1.50, '2021-03-26 00:25:21'),
	(6034467, 'sa9bssv7', 121, 1000, 13.00, '2019-10-05 23:59:28'),
	(6043286, '74fm231v', 116, 125, 2.25, '2020-12-16 02:50:43'),
	(6074316, 'pok7yr00', 128, 750, 7.50, '2017-06-15 10:45:04'),
	(6104472, 'hu5sesfy', 124, 500, 6.00, '2021-12-23 00:19:24'),
	(6184476, 'gi64t2a0', 126, 125, 1.75, '2022-08-27 09:47:00'),
	(6198328, 'dvvww4b4', 121, 125, 1.63, '2017-11-26 14:11:28'),
	(6213974, 'xz6udjzq', 128, 125, 1.25, '2023-04-25 00:27:12'),
	(6241059, 'ddi2jaip', 312, 750, 9.00, '2023-05-12 17:43:49'),
	(6307271, 'v1g43950', 112, 125, 1.88, '2022-08-08 07:11:27'),
	(6315592, '18vr179r', 126, 500, 7.00, '2022-04-28 02:50:28'),
	(6322768, 'v4m6vxyb', 312, 125, 1.50, '2019-11-25 20:13:31'),
	(6394445, 'eqwmm3s6', 124, 750, 9.00, '2019-01-22 19:18:48'),
	(6442938, '15msfysg', 120, 750, 9.75, '2021-03-23 23:58:56'),
	(6513123, 'hpu54c3u', 111, 500, 8.00, '2021-01-31 14:34:08'),
	(6541271, 'ixftmy8g', 124, 500, 6.00, '2021-08-22 01:56:54'),
	(6542329, 'v1idhafw', 111, 1000, 16.00, '2020-11-19 07:01:00'),
	(6544116, '0goy8k2o', 312, 1000, 12.00, '2023-04-26 14:48:38'),
	(6569920, '9l1vbt45', 312, 750, 9.00, '2023-08-01 20:35:44'),
	(6600025, 'pok7yr00', 116, 500, 9.00, '2020-03-15 01:50:25'),
	(6673026, 'c1g0o9bh', 125, 750, 11.25, '2022-09-12 07:06:11'),
	(6702436, 'zi9smm20', 121, 125, 1.63, '2023-01-18 13:26:12'),
	(6766103, 'v6mdo8fa', 124, 500, 6.00, '2021-02-10 10:55:12'),
	(6776615, '622t7xql', 116, 1000, 18.00, '2023-07-26 02:37:29'),
	(6848793, 'v6mdo8fa', 112, 500, 7.50, '2022-01-06 03:19:29'),
	(6910214, 'bz85yftg', 128, 1000, 10.00, '2022-07-20 03:43:33'),
	(6931932, 'v1idhafw', 124, 1000, 12.00, '2020-02-06 07:37:17'),
	(6981753, 'c24kk0xg', 312, 500, 6.00, '2020-08-27 20:55:35'),
	(7056864, 'vkqm2ucy', 125, 500, 7.50, '2021-11-14 12:43:38'),
	(7106016, 'wbchylz4', 121, 500, 6.50, '2021-01-28 01:07:50'),
	(7271686, 'crgcbe7i', 128, 125, 1.25, '2020-07-12 23:37:22'),
	(7295182, '914vxu43', 126, 750, 10.50, '2019-08-04 03:01:38'),
	(7315517, 'qps1wi6b', 120, 750, 9.75, '2016-04-15 04:26:36'),
	(7335733, 'vgi5c93u', 121, 750, 9.75, '2019-07-23 14:25:36'),
	(7419083, '9l1vbt45', 125, 125, 1.88, '2020-05-02 08:11:57'),
	(7441715, 'yzab8u6e', 111, 500, 8.00, '2021-12-17 17:50:41'),
	(7457443, 'b8ck7r24', 124, 750, 9.00, '2023-03-15 09:48:42'),
	(7539743, 'b8ck7r24', 125, 500, 7.50, '2023-05-09 02:55:32'),
	(7600738, '00aaa000', 125, 1000, 15.00, '2016-08-24 17:17:23'),
	(7607080, 'jr613bjm', 120, 1000, 13.00, '2016-11-08 01:47:58'),
	(7681093, '914vxu43', 111, 750, 12.00, '2016-10-28 11:50:30'),
	(7881444, 'vv8mivlu', 112, 750, 11.25, '2023-07-03 19:18:02'),
	(8016435, '5q4p9gmv', 121, 500, 6.50, '2022-07-15 08:48:36'),
	(8028535, 'v1g43950', 111, 125, 2.00, '2021-03-28 10:36:00'),
	(8116414, '914vxu43', 116, 125, 2.25, '2016-09-18 21:36:32'),
	(8142889, 'q3vgyms7', 125, 1000, 15.00, '2022-01-17 11:48:25'),
	(8161224, 'vv8mivlu', 125, 500, 7.50, '2020-11-24 00:07:11'),
	(8188265, '8diekma4', 126, 750, 10.50, '2023-06-15 14:59:19'),
	(8425215, 'ixftmy8g', 124, 125, 1.50, '2021-09-02 17:29:46'),
	(8558176, 'pd1pvdpm', 124, 1000, 12.00, '2019-04-23 08:50:25'),
	(8568058, 'e7mw8u2v', 120, 500, 6.50, '2023-05-11 06:46:13'),
	(8615142, 'j7iyu75r', 112, 500, 7.50, '2023-04-21 13:46:47'),
	(8720857, 'oxoglcx6', 111, 500, 8.00, '2020-02-28 06:07:46'),
	(8770987, 'hu5sesfy', 124, 1000, 12.00, '2022-04-12 18:27:26'),
	(8846383, 'q3vgyms7', 121, 500, 6.50, '2021-07-12 10:24:15'),
	(8887049, 'jj1es2kf', 121, 500, 6.50, '2018-01-09 07:46:54'),
	(8934609, '8diekma4', 121, 125, 1.63, '2023-08-03 21:47:20'),
	(9085642, '0goy8k2o', 125, 500, 7.50, '2023-05-21 10:07:42'),
	(9101823, 'v6mdo8fa', 125, 750, 11.25, '2022-06-13 20:27:01'),
	(9223147, 'hpu54c3u', 126, 500, 7.00, '2020-01-23 15:34:20'),
	(9286475, '74fm231v', 116, 750, 13.50, '2023-07-29 17:16:54'),
	(9318569, '9l1vbt45', 111, 125, 2.00, '2023-06-15 10:00:34'),
	(9395804, '914vxu43', 312, 125, 1.50, '2016-05-13 12:21:45'),
	(9407776, '15msfysg', 116, 500, 9.00, '2019-07-18 02:26:45'),
	(9411449, 'bds8sl3t', 116, 1000, 18.00, '2023-07-10 03:12:58'),
	(9567704, 'oxoglcx6', 126, 500, 7.00, '2021-05-10 09:08:20'),
	(9574642, 'dfa7ln9m', 120, 500, 6.50, '2021-07-27 13:29:15'),
	(9594494, 'vv8mivlu', 121, 500, 6.50, '2020-01-23 03:32:45'),
	(9601910, 'rxdq7aih', 128, 500, 5.00, '2022-09-16 10:56:41'),
	(9669545, 'pqtmiwoo', 128, 500, 5.00, '2023-07-29 00:35:19'),
	(9693192, 'vkqm2ucy', 312, 1000, 12.00, '2023-05-03 21:02:24'),
	(9735018, 'pok7yr00', 120, 125, 1.63, '2018-06-10 03:51:22'),
	(9788404, 'j2xv4h8v', 125, 500, 7.50, '2022-11-24 16:51:34'),
	(9841314, 'lmopvjt6', 125, 750, 11.25, '2023-06-11 21:17:30'),
	(9842589, 'zx1f9v5e', 126, 1000, 14.00, '2020-03-25 21:43:51');

-- Dump della struttura di tabella beer.utente
CREATE TABLE IF NOT EXISTS `utente` (
  `id` varchar(8) NOT NULL,
  `nome` varchar(20) NOT NULL,
  `cognome` varchar(20) NOT NULL,
  `email` varchar(45) NOT NULL,
  `psw` varchar(30) NOT NULL,
  `saldo` decimal(10,2) DEFAULT NULL,
  `data_reg` datetime DEFAULT NULL,
  PRIMARY KEY (`id`)
) ENGINE=InnoDB DEFAULT CHARSET=utf8mb4 COLLATE=utf8mb4_0900_ai_ci;

-- Dump dei dati della tabella beer.utente: ~101 rows (circa)
REPLACE INTO `utente` (`id`, `nome`, `cognome`, `email`, `psw`, `saldo`, `data_reg`) VALUES
	('00aaa000', 'Francesco', 'Arzon', 'franz9700@gmail.com', 'password123', 115.00, '2010-02-06 10:00:00'),
	('0goy8k2o', 'Stewart', 'Laneham', 'slaneham1k@irs.gov', 'fkkI5552a`kS.', 167.15, '2023-02-11 12:43:45'),
	('0khrh2yt', 'Hildagard', 'Berfoot', 'hberfootn@virginia.edu', 'prtE171N$4%)', 343.28, '2015-02-26 17:20:57'),
	('0tpa35oo', 'Devonna', 'McPheat', 'dmcpheatb@pcworld.com', 'adjC967Q.', 278.20, '2015-05-16 14:42:30'),
	('15msfysg', 'Rossy', 'Norcliff', 'rnorcliff3@gmpg.org', 'eadT9017px5nGif', 544.66, '2016-06-14 22:53:34'),
	('18vr179r', 'Isaiah', 'Clarkson', 'iclarkson1@auda.org.au', 'lriN987..4Am', 179.16, '2016-04-09 13:42:50'),
	('1ammoms5', 'Hermina', 'Cazereau', 'hcazereaus@fema.gov', 'rcrU3268', 162.30, '2021-03-10 22:00:24'),
	('1nuz8684', 'Lynnell', 'Ferrulli', 'lferrullip@mtv.com', 'edjH027THb_,qC{', 877.36, '2015-11-05 04:55:59'),
	('262a7g8p', 'Brianna', 'Sabater', 'bsabater23@paginegialle.it', 'yycL630}2=', 145.16, '2020-01-26 10:21:11'),
	('278vhpm9', 'Skipper', 'Gerish', 'sgerish1w@senate.gov', 'opjY804Ypp+', 89.65, '2015-03-25 07:41:33'),
	('29lmqylf', 'Vivianna', 'Ernshaw', 'vernshaw2@printfriendly.com', 'pgbP731$', 42.19, '2015-01-27 01:38:34'),
	('2aupnrez', 'Leoine', 'Youtead', 'lyoutead20@biglobe.ne.jp', 'nczZ108pGf{x@O$', 65.09, '2015-10-20 01:01:28'),
	('2hq29bqh', 'Zak', 'Cordoba', 'zcordobaj@surveymonkey.com', 'gyhE728a}', 528.34, '2019-03-20 14:23:54'),
	('4gv2dhu2', 'Lilla', 'Myers', 'lmyers18@deliciousdays.com', 'owoM448gJv', 929.72, '2015-03-16 09:20:52'),
	('5q4p9gmv', 'Morena', 'Davydychev', 'mdavydychev1n@hud.gov', 'bbaS282F/MNjKV9', 10.81, '2017-07-15 03:29:44'),
	('622t7xql', 'Binni', 'Chantree', 'bchantreeg@hubpages.com', 'ckfI493I%', 13.15, '2022-12-04 04:02:03'),
	('6bt3dv9w', 'Reese', 'Basindale', 'rbasindale2g@wisc.edu', 'gmrQ711+', 28.97, '2022-04-26 18:51:22'),
	('6nuelvxi', 'Ardene', 'Katt', 'akatt1f@walmart.com', 'qziL063N$TYs01Ra', 982.64, '2017-04-09 18:57:35'),
	('74fm231v', 'Nikita', 'Heater', 'nheater1t@goo.gl', 'opzY6015QysTN,@', 407.79, '2015-10-15 14:07:32'),
	('7atff18a', 'Sergei', 'Jiggens', 'sjiggens2f@netvibes.com', 'wvbZ6226>Avv|', 755.34, '2022-05-03 04:17:20'),
	('80fuv8x1', 'Dyann', 'Thickins', 'dthickins15@smugmug.com', 'qcoL150.8z~/N~@', 657.00, '2016-09-22 23:01:26'),
	('8diekma4', 'Nikolaos', 'Orrobin', 'norrobin27@cnet.com', 'smjY432*B', 173.93, '2022-10-30 15:25:47'),
	('914vxu43', 'Guido', 'Pakenham', 'gpakenham1z@answers.com', 'adfU93995`mD', 787.25, '2015-01-21 19:59:27'),
	('9l1vbt45', 'Danita', 'Turnpenny', 'dturnpenny25@google.it', 'flqR471vC%iu', 312.17, '2019-04-24 22:43:56'),
	('b8ck7r24', 'Aldis', 'Aston', 'aaston2k@slideshare.net', 'qtvY991Z', 863.08, '2023-01-03 20:13:59'),
	('bds8sl3t', 'Ado', 'Sheridan', 'asheridan2i@pagesperso-orange.fr', 'jajE869O73l', 557.06, '2021-03-19 18:53:26'),
	('bz85yftg', 'Barbe', 'Beecker', 'bbeecker1s@huffingtonpost.com', 'xhuI917p', 525.51, '2017-07-02 20:05:11'),
	('c1g0o9bh', 'Olivie', 'Bome', 'obome1b@spiegel.de', 'yaqL0065..s.&e', 892.45, '2022-09-02 19:31:09'),
	('c24kk0xg', 'Brenden', 'Dutnell', 'bdutnell1e@printfriendly.com', 'nckE363!', 825.43, '2018-08-30 22:35:24'),
	('c252owwc', 'Maryann', 'Domney', 'mdomneyc@abc.net.au', 'pasE758UZ5>1hS89', 432.07, '2021-05-18 13:25:06'),
	('crgcbe7i', 'Maible', 'Bidwell', 'mbidwell2h@reuters.com', 'zqbD804%GfkH.b8', 889.14, '2017-10-28 11:47:04'),
	('cw66vqjk', 'Ansley', 'Toffetto', 'atoffetto1c@sbwire.com', 'klrF065b', 468.09, '2019-04-02 13:08:33'),
	('ddi2jaip', 'Lisetta', 'McEnery', 'lmcenery2n@spiegel.de', 'ukpW566.S~Jvn59x', 672.09, '2021-06-03 01:03:38'),
	('dfa7ln9m', 'Philippa', 'Butterley', 'pbutterley2q@epa.gov', 'eznH22011H+gMPN', 772.83, '2017-10-15 00:26:14'),
	('dvvww4b4', 'Jeffy', 'MacCleay', 'jmaccleay13@ihg.com', 'xelA309P3IN', 573.89, '2016-06-27 00:25:32'),
	('e6mq99x2', 'Alissa', 'Halladey', 'ahalladeyz@tinypic.com', 'xgpY954&i..%$x', 988.19, '2022-05-27 23:05:30'),
	('e7mw8u2v', 'Elyssa', 'Cradduck', 'ecradducku@issuu.com', 'rcwD476@', 64.15, '2021-02-08 11:58:30'),
	('eqwmm3s6', 'Aristotle', 'Hurdidge', 'ahurdidgex@cbc.ca', 'whkR5510_ffs..0', 239.14, '2017-08-04 07:42:04'),
	('gi64t2a0', 'Nathanael', 'Swatton', 'nswattonr@slate.com', 'zweV331~NFI/Fx+9', 508.68, '2022-08-05 14:00:03'),
	('hpu54c3u', 'Debor', 'Redholes', 'dredholes16@reference.com', 'twoE706k1ZS', 327.47, '2015-09-03 09:42:15'),
	('hu5sesfy', 'Octavia', 'Ollander', 'oollander7@dailymail.co.uk', 'rccX859gmfP5c', 809.88, '2018-08-16 03:27:58'),
	('ibddeykv', 'Hephzibah', 'Mollene', 'hmollene1x@flickr.com', 'abhE373j(', 685.77, '2019-06-10 13:37:25'),
	('ixftmy8g', 'Clare', 'Brackpool', 'cbrackpool1a@i2i.jp', 'zmhP68647~|p+', 870.82, '2020-11-05 04:46:09'),
	('j2xv4h8v', 'Horton', 'Petrushka', 'hpetrushka2l@cnet.com', 'etiU957h?K', 686.73, '2022-06-30 11:31:11'),
	('j7iyu75r', 'Deeanne', 'Ratnege', 'dratnege6@mozilla.com', 'lirE668Q0)Mxpwt', 189.89, '2017-06-18 03:11:01'),
	('j9ar8xo6', 'Gene', 'Sprague', 'gsprague10@trellian.com', 'bsfD303I', 186.46, '2015-02-07 14:26:36'),
	('jj1es2kf', 'Scott', 'Andrag', 'sandrag1r@clickbank.net', 'czqO060jJ', 340.42, '2017-07-19 09:30:11'),
	('jp596h56', 'Michael', 'Simione', 'msimionem@icio.us', 'julB482DKMtekA3', 315.67, '2016-12-07 16:52:31'),
	('jr613bjm', 'Robinett', 'Brando', 'rbrandoi@ebay.co.uk', 'qlkC930e', 149.05, '2015-01-25 09:21:24'),
	('k2quixfq', 'Claudina', 'Rizzello', 'crizzello1q@amazon.co.jp', 'tkgH708YoJBh%x', 682.89, '2015-07-13 17:48:41'),
	('k771angm', 'Judie', 'McFarlan', 'jmcfarlan2o@w3.org', 'jhyR395n}uD~TZ', 57.70, '2021-03-28 01:40:07'),
	('kjs3getm', 'Sylas', 'Lenton', 'slenton2c@privacy.gov.au', 'hlfK406lb', 870.07, '2018-10-17 00:02:14'),
	('lmopvjt6', 'Sibbie', 'McVitie', 'smcvitied@ihg.com', 'vxkZ7392&rk9VB&', 822.99, '2022-08-14 20:25:21'),
	('m6susavv', 'Dante', 'Callaghan', 'dcallaghan1o@dailymotion.com', 'kcoO0650ut!', 585.18, '2019-05-02 18:41:03'),
	('mlzhq9y9', 'Chloris', 'Kirvin', 'ckirvinl@cloudflare.com', 'avyH470+*IS.uDum', 911.92, '2015-05-29 15:30:19'),
	('mxcrurpz', 'Kirbie', 'Bernardon', 'kbernardon2r@weather.com', 'oueG326F+*1', 523.61, '2019-04-07 23:39:06'),
	('npbzfuk7', 'Trula', 'Ridsdale', 'tridsdalet@springer.com', 'qjzF683?4~|lWlJ', 737.29, '2019-02-11 02:29:25'),
	('obpw1ysw', 'De', 'Webbe', 'dwebbe8@miitbeian.gov.cn', 'arcY391p', 403.69, '2020-07-07 17:20:52'),
	('onb14sxe', 'Bing', 'Craigheid', 'bcraigheid1l@free.fr', 'jrwR709%', 547.58, '2022-09-04 08:06:49'),
	('oxoglcx6', 'Cecilla', 'MacCarrick', 'cmaccarrick1h@1und1.de', 'obzK992.$c', 177.17, '2018-04-07 00:05:29'),
	('p16wov2i', 'Hildagard', 'Alkin', 'halkin28@amazonaws.com', 'cevA6072ApWWIFkp', 508.56, '2022-10-12 01:41:40'),
	('pai106mc', 'Gage', 'Davidoff', 'gdavidoff1m@auda.org.au', 'dvgU483x6fk&', 65.32, '2017-11-26 09:45:01'),
	('patinrqa', 'Lynda', 'Wordley', 'lwordley1u@hatena.ne.jp', 'qcbW596Mv7cr{', 936.93, '2016-02-22 02:55:47'),
	('pd1pvdpm', 'Pierson', 'Fann', 'pfannf@jalbum.net', 'ilfG754uB<cD.', 774.05, '2019-03-06 12:15:04'),
	('pok7yr00', 'Elena', 'Huburn', 'ehuburn1j@admin.ch', 'uyhC078r', 42.95, '2017-04-12 05:50:37'),
	('pqtmiwoo', 'Willis', 'Ormston', 'wormston12@php.net', 'ejtO116=.dY', 322.16, '2022-12-23 23:20:29'),
	('pv543s8h', 'Nikolos', 'Stain', 'nstain4@weather.com', 'xdmH383v', 555.64, '2019-05-01 17:22:32'),
	('pxwjo155', 'Xavier', 'Sargerson', 'xsargerson0@newyorker.com', 'wweL911xGjfcg', 550.78, '2015-08-09 18:16:01'),
	('q099x056', 'Marley', 'Cabbell', 'mcabbellk@ftc.gov', 'ciqR997?', 407.76, '2021-10-06 19:10:31'),
	('q3vgyms7', 'Simon', 'Worcs', 'sworcso@si.edu', 'izlF623>', 873.19, '2019-02-24 10:25:47'),
	('qps1wi6b', 'Egor', 'Franzolini', 'efranzolini1g@imgur.com', 'gxbL017uczTqOX', 927.82, '2016-01-09 17:04:57'),
	('qsxsb3cu', 'Hendrick', 'Lorant', 'hlorant19@walmart.com', 'mkvZ387}V', 268.66, '2019-07-29 23:04:29'),
	('r290wvgx', 'Ewan', 'Cardiff', 'ecardiff2p@uiuc.edu', 'ptnR916x', 562.22, '2019-08-11 15:52:22'),
	('rxdq7aih', 'Eleni', 'Nyssens', 'enyssensa@nhs.uk', 'jrlL023F(pU8mN', 657.48, '2021-11-08 08:43:34'),
	('sa9bssv7', 'Bordy', 'Mullenger', 'bmullenger2j@cdc.gov', 'awgW827#a', 993.33, '2015-06-16 17:43:31'),
	('szfpzl4g', 'Nickey', 'Louche', 'nlouche1v@google.ru', 'ahtD9469#cyr', 446.72, '2016-10-06 15:52:55'),
	('t0u7bl8o', 'Danette', 'Gallahue', 'dgallahue5@gravatar.com', 'zmyT0235Hfug', 166.13, '2022-01-05 17:10:20'),
	('uctl2v9b', 'Boycie', 'Clench', 'bclench17@smh.com.au', 'bpwT641pk0', 216.52, '2016-05-02 08:01:05'),
	('ugm200dt', 'Livvyy', 'Thripp', 'lthripp2m@wordpress.org', 'uahO495o1', 697.85, '2017-11-09 16:02:08'),
	('v0a99umc', 'Claudine', 'Dalgety', 'cdalgety24@blogs.com', 'hwvU9038dU(wZuO/', 352.91, '2019-05-04 06:39:58'),
	('v1g43950', 'Ailee', 'Jeske', 'ajeskeh@pbs.org', 'idoA735+=l0V_D<=', 665.02, '2016-12-07 02:21:02'),
	('v1idhafw', 'Kristopher', 'Tollett', 'ktolletty@bloglines.com', 'xboV584RI=', 351.04, '2019-09-05 12:18:38'),
	('v22jdhe6', 'Anjanette', 'Bearcock', 'abearcock2b@uol.com.br', 'pucA442`F0p<', 111.61, '2021-08-10 18:39:40'),
	('v4m6vxyb', 'Gretna', 'Northbridge', 'gnorthbridgev@boston.com', 'mvrK078$`N', 91.47, '2016-01-19 08:40:52'),
	('v4sj7toz', 'Dorene', 'Merwede', 'dmerwede2d@about.com', 'axoZ847<p7CDR', 697.00, '2016-10-19 02:54:36'),
	('v6mdo8fa', 'Florence', 'Rushbury', 'frushbury2e@unblog.fr', 'ispW951mn', 441.74, '2020-05-03 23:26:15'),
	('veh56roh', 'Bobby', 'Dewis', 'bdewis1i@dagondesign.com', 'tpxD959!0', 423.72, '2018-07-09 08:42:31'),
	('vgi5c93u', 'Coriss', 'Fronczak', 'cfronczak29@symantec.com', 'vkqU431NcSW&/)', 982.43, '2016-09-10 01:54:14'),
	('vkqm2ucy', 'Cesar', 'Laetham', 'claetham2a@eventbrite.com', 'bxhU498qW+gX8', 980.27, '2021-03-23 20:48:55'),
	('vrn93dnp', 'Ashlie', 'Wilbor', 'awilborw@oracle.com', 'dokD925o', 280.06, '2016-11-09 05:34:16'),
	('vtufj691', 'Rachael', 'Wemes', 'rwemes14@tuttocitta.it', 'zlmT033qD5W|1Y_r', 960.04, '2015-12-25 23:18:40'),
	('vv8mivlu', 'Lazare', 'Hembry', 'lhembry9@paypal.com', 'wvvY485JYd..+a<', 603.75, '2018-11-16 09:48:55'),
	('wbchylz4', 'Engelbert', 'Worstall', 'eworstall11@instagram.com', 'waeS983Jxc>u', 132.40, '2017-06-28 10:52:29'),
	('x8uxayl7', 'Cami', 'Pepis', 'cpepise@howstuffworks.com', 'roxW686gz?f', 985.97, '2020-09-22 06:23:38'),
	('xdu0t1hs', 'Marrilee', 'Natte', 'mnatte22@about.com', 'xzlL068.wpJ', 617.58, '2017-07-10 14:49:11'),
	('xz6udjzq', 'Nicholas', 'Tzar', 'ntzar1y@quantcast.com', 'xxlV465oxegKM', 826.57, '2018-06-05 07:50:42'),
	('y83hpnke', 'Fernandina', 'Cowell', 'fcowell26@businessweek.com', 'ulwL4124u3y..Rg!', 104.00, '2015-02-27 19:00:37'),
	('yllegsqk', 'Zea', 'Harman', 'zharmanq@yahoo.co.jp', 'xluW046Ac1zip=', 726.29, '2017-12-15 21:50:41'),
	('yzab8u6e', 'Aleksandr', 'Starten', 'astarten1p@comcast.net', 'uxeB8479', 913.34, '2020-10-31 19:09:07'),
	('zi9smm20', 'Marcellina', 'Redmain', 'mredmain21@dot.gov', 'nnuC064bf~pG.', 447.31, '2022-09-21 21:44:49'),
	('zx1f9v5e', 'Sinclair', 'MacCome', 'smaccome1d@mlb.com', 'xbjQ694Em5{w@<C|', 941.67, '2017-07-01 18:26:18');

-- Dump della struttura di trigger beer.updateImporto
SET @OLDTMP_SQL_MODE=@@SQL_MODE, SQL_MODE='ONLY_FULL_GROUP_BY,STRICT_TRANS_TABLES,NO_ZERO_IN_DATE,NO_ZERO_DATE,ERROR_FOR_DIVISION_BY_ZERO,NO_ENGINE_SUBSTITUTION';
DELIMITER //
CREATE TRIGGER `updateImporto` BEFORE INSERT ON `consumazione` FOR EACH ROW BEGIN
	DECLARE prezzo DECIMAL(6,2);
	-- Inserisco il costo della consumazione nella query
	SELECT prezzo_litro INTO prezzo FROM birra WHERE birra.id=NEW.beer_id;
	SET NEW.importo = NEW.quantita*prezzo/1000;
	-- Aggiorno il valore saldo nella tabella Utente sommando
	-- il prezzo della consumazione
	UPDATE utente SET saldo = saldo + NEW.importo WHERE id = NEW.user_id;

END//
DELIMITER ;
SET SQL_MODE=@OLDTMP_SQL_MODE;

/*!40103 SET TIME_ZONE=IFNULL(@OLD_TIME_ZONE, 'system') */;
/*!40101 SET SQL_MODE=IFNULL(@OLD_SQL_MODE, '') */;
/*!40014 SET FOREIGN_KEY_CHECKS=IFNULL(@OLD_FOREIGN_KEY_CHECKS, 1) */;
/*!40101 SET CHARACTER_SET_CLIENT=@OLD_CHARACTER_SET_CLIENT */;
/*!40111 SET SQL_NOTES=IFNULL(@OLD_SQL_NOTES, 1) */;
